Year,Circuit,DriverNumber,DrivingStyle,CircuitType,LapTime_AvgPace,LapTime_PaceConsistency,LapTime_PeakPace,SectorBalance,PointsFinish
2021,Baku,3,Aggressive,HighSpeed,116.7906,20.381931683585886,105.71300000000001,-5.45914,1
2021,Baku,3,Cautious,HighSpeed,116.7906,20.381931683585886,105.71300000000001,-5.45914,1
2021,Baku,4,Aggressive,HighSpeed,116.69427999999999,20.986626571725246,105.32599999999998,-5.4117,1
2021,Baku,4,Cautious,HighSpeed,116.69427999999999,20.997169966799657,105.32599999999998,-5.4117,1
2021,Baku,5,Aggressive,HighSpeed,116.67496,22.063568299550845,104.89,-5.4769000000000005,1
2021,Baku,5,Balanced,HighSpeed,116.67496,22.082070246868852,104.89,-5.4769,1
2021,Baku,6,Cautious,HighSpeed,116.36149999999999,16.946248135779104,106.608,-5.90079,0
2021,Baku,7,Aggressive,HighSpeed,116.77582000000001,18.71308264874319,105.601,-5.33634,1
2021,Baku,7,Balanced,HighSpeed,116.77582,18.728774963994475,105.601,-5.33634,1
2021,Baku,7,Cautious,HighSpeed,116.77582000000001,18.855751163677642,105.71866666666666,-5.33634,1
2021,Baku,9,Aggressive,HighSpeed,118.96304081632654,19.15289321737724,107.771,-5.577734693877551,0
2021,Baku,9,Balanced,HighSpeed,118.96304081632654,19.15289321737724,107.771,-5.577734693877551,0
2021,Baku,10,Aggressive,HighSpeed,116.6512,22.05346830995052,105.21999999999998,-5.09228,1
2021,Baku,10,Balanced,HighSpeed,116.65119999999999,22.232767751171938,105.28866666666666,-5.09228,1
2021,Baku,10,Cautious,HighSpeed,116.6512,22.08305044036438,105.21999999999998,-5.09228,1
2021,Baku,11,Aggressive,HighSpeed,116.62281999999999,23.7582034807086,104.687,-4.76612,1
2021,Baku,11,Balanced,HighSpeed,116.62281999999999,23.778126505996394,104.687,-4.76612,1
2021,Baku,14,Aggressive,HighSpeed,116.75847999999999,19.106994448027354,105.62399999999998,-5.43442,1
2021,Baku,14,Balanced,HighSpeed,116.75848,19.116593541548234,105.62399999999998,-5.43442,1
2021,Baku,16,Aggressive,HighSpeed,116.66246000000001,21.776345442053564,105.382,-5.1321,1
2021,Baku,16,Balanced,HighSpeed,116.66246,21.805555844777984,105.382,-5.1321,1
2021,Baku,22,Aggressive,HighSpeed,116.73298,21.531743855630488,104.93900000000001,-5.49505,1
2021,Baku,22,Balanced,HighSpeed,116.73298,21.567840685423562,104.93900000000001,-5.49505,1
2021,Baku,22,Cautious,HighSpeed,116.73298000000001,21.71406500873739,105.27366666666666,-5.49505,1
2021,Baku,31,Aggressive,HighSpeed,120.56833333333333,8.64997533233478,110.84999999999998,-5.334833333333334,0
2021,Baku,31,Balanced,HighSpeed,120.56833333333334,9.98813117321421,120.56833333333334,-5.334833333333335,0
2021,Baku,33,Aggressive,HighSpeed,114.12364444444444,22.142992182060695,104.481,-5.211744444444444,0
2021,Baku,33,Balanced,HighSpeed,114.12364444444445,22.155359115268375,104.481,-5.211744444444444,0
2021,Baku,44,Aggressive,HighSpeed,116.98468000000001,23.928944313054977,104.769,-4.8627199999999995,0
2021,Baku,44,Balanced,HighSpeed,116.98468000000001,23.908928463200965,104.769,-4.86272,0
2021,Baku,47,Aggressive,HighSpeed,115.8604081632653,14.602844128004055,107.62399999999998,-5.408704081632653,0
2021,Baku,47,Balanced,HighSpeed,115.8604081632653,14.62791340676478,107.67233333333333,-5.408704081632653,0
2021,Baku,55,Aggressive,HighSpeed,116.75453999999999,20.26393539460644,105.7,-5.47892,1
2021,Baku,55,Balanced,HighSpeed,116.75454,20.280928215533542,105.7,-5.47892,1
2021,Baku,63,Aggressive,HighSpeed,116.712625,19.10331820920372,105.959,-5.539750000000001,0
2021,Baku,63,Balanced,HighSpeed,116.712625,19.255135046101785,106.04466666666667,-5.539750000000001,0
2021,Baku,63,Cautious,HighSpeed,116.712625,19.15352412550536,105.99066666666666,-5.539750000000001,0
2021,Baku,77,Aggressive,HighSpeed,116.72702000000001,20.63672607931525,105.665,-5.56855,0
2021,Baku,77,Balanced,HighSpeed,116.72702000000001,20.63672607931525,105.665,-5.56855,0
2021,Barcelona,3,Aggressive,Technical,85.77951515151516,8.472922531234547,81.853,2.603333333333333,1
2021,Barcelona,3,Cautious,Technical,85.77951515151516,8.472922531234547,81.853,2.603333333333333,1
2021,Barcelona,4,Aggressive,Technical,86.34253846153847,7.919706784845618,81.279,2.6378384615384616,1
2021,Barcelona,4,Cautious,Technical,86.34253846153847,7.919706784845618,81.279,2.6378384615384616,1
2021,Barcelona,5,Aggressive,Technical,86.72378461538462,7.723633088930794,82.82,2.7026846153846154,0
2021,Barcelona,5,Balanced,Technical,86.72378461538462,7.768756937833412,82.93533333333333,2.7026846153846154,0
2021,Barcelona,5,Cautious,Technical,86.72378461538462,7.728608054399249,82.82,2.7026846153846154,0
2021,Barcelona,6,Aggressive,Technical,87.04418461538462,6.8426365552758295,82.905,2.6971153846153846,0
2021,Barcelona,6,Balanced,Technical,87.04418461538462,6.851471467354923,82.91733333333333,2.6971153846153846,0
2021,Barcelona,6,Cautious,Technical,87.04418461538462,6.8781829583934915,82.93566666666665,2.6971153846153846,0
2021,Barcelona,7,Aggressive,Technical,86.65886153846154,7.324443787919001,82.89033333333333,2.5192153846153844,0
2021,Barcelona,7,Balanced,Technical,86.65886153846154,7.324443787919001,82.89033333333333,2.5192153846153844,0
2021,Barcelona,9,Aggressive,Technical,88.14459375,6.680721708478718,84.04,2.724078125,0
2021,Barcelona,9,Balanced,Technical,88.14459375,6.680721708478718,84.04,2.724078125,0
2021,Barcelona,10,Aggressive,Technical,86.56047692307692,8.023679293736256,81.375,2.7713846153846156,1
2021,Barcelona,10,Cautious,Technical,86.56047692307692,8.039214021336832,81.379,2.7713846153846156,1
2021,Barcelona,11,Aggressive,Technical,85.62653030303031,8.50667312741281,79.483,2.5375227272727274,1
2021,Barcelona,11,Balanced,Technical,85.6265303030303,8.526131802767216,79.97366666666666,2.5375227272727274,1
2021,Barcelona,11,Cautious,Technical,85.6265303030303,8.509906989201337,79.483,2.5375227272727274,1
2021,Barcelona,14,Aggressive,Technical,87.04913846153846,7.845812256569567,81.182,2.6006384615384617,0
2021,Barcelona,14,Balanced,Technical,87.04913846153846,7.894696294975753,81.99633333333334,2.6006384615384617,0
2021,Barcelona,14,Cautious,Technical,87.04913846153846,7.848840943135393,81.182,2.6006384615384617,0
2021,Barcelona,16,Aggressive,Technical,85.48933333333333,8.712796219034978,80.459,2.4447121212121212,1
2021,Barcelona,16,Balanced,Technical,85.48933333333333,8.718315887766666,80.459,2.4447121212121212,1
2021,Barcelona,16,Cautious,Technical,85.48933333333333,8.768469604797438,80.81533333333333,2.4447121212121212,1
2021,Barcelona,18,Aggressive,Technical,86.64103076923078,7.617202611746225,82.607,2.564669230769231,0
2021,Barcelona,18,Balanced,Technical,86.64103076923078,7.617202611746225,82.607,2.564669230769231,0
2021,Barcelona,22,Aggressive,Technical,88.1965,4.9366315622920665,84.93266666666666,2.270333333333333,0
2021,Barcelona,22,Cautious,Technical,88.1965,4.9366315622920665,84.93266666666666,2.270333333333333,0
2021,Barcelona,31,Aggressive,Technical,86.55755384615385,7.82246108187781,83.311,2.522684615384615,1
2021,Barcelona,31,Cautious,Technical,86.55755384615385,7.825480754285932,83.311,2.5226846153846156,1
2021,Barcelona,33,Aggressive,Technical,84.90183333333333,9.956201710682523,78.149,2.461931818181818,1
2021,Barcelona,33,Balanced,Technical,84.90183333333333,10.019820260299978,79.30466666666666,2.461931818181818,1
2021,Barcelona,33,Cautious,Technical,84.90183333333333,9.981503407671296,78.639,2.461931818181818,1
2021,Barcelona,44,Aggressive,Technical,84.66181818181819,9.574747584590954,80.665,2.543037878787879,1
2021,Barcelona,44,Balanced,Technical,84.66181818181819,9.580813310625148,80.665,2.5430378787878785,1
2021,Barcelona,44,Cautious,Technical,84.66181818181819,9.59907989214852,80.68599999999999,2.5430378787878785,1
2021,Barcelona,47,Aggressive,Technical,87.3655,6.977589731615434,82.637,2.678984375,0
2021,Barcelona,47,Balanced,Technical,87.3655,6.9913116519128975,82.64,2.678984375,0
2021,Barcelona,55,Aggressive,Technical,85.79318181818182,8.069541421359467,81.568,2.6414469696969696,1
2021,Barcelona,55,Cautious,Technical,85.79318181818182,8.072609104960632,81.568,2.6414469696969696,1
2021,Barcelona,63,Aggressive,Technical,86.8684923076923,6.508397401025116,83.208,2.749153846153846,0
2021,Barcelona,63,Cautious,Technical,86.8684923076923,6.512589605904899,83.208,2.7491538461538463,0
2021,Barcelona,77,Aggressive,Technical,85.065,8.741054944922395,79.43,2.6041287878787878,1
2021,Barcelona,77,Balanced,Technical,85.065,8.744377908336425,79.43,2.6041287878787878,1
2021,Barcelona,77,Cautious,Technical,85.065,8.794681551938078,79.921,2.6041287878787878,1
2021,Barcelona,99,Aggressive,Technical,86.89486153846154,10.018848329497786,82.802,2.684123076923077,0
2021,Barcelona,99,Balanced,Technical,86.89486153846154,10.077381534401876,82.952,2.684123076923077,0
2021,Barcelona,99,Cautious,Technical,86.89486153846154,10.025301694630363,82.802,2.684123076923077,0
2021,Hungaroring,3,Aggressive,Technical,87.34983823529411,13.986236514021,82.802,-2.536110294117647,0
2021,Hungaroring,3,Cautious,Technical,87.34983823529411,13.986236514021,82.802,-2.536110294117647,0
2021,Hungaroring,4,Aggressive,Technical,164.579,23.352366427790088,142.425,0.40399999999999636,0
2021,Hungaroring,4,Balanced,Technical,164.579,31.33048726081354,164.579,0.40399999999999636,0
2021,Hungaroring,4,Cautious,Technical,164.579,23.683622213311388,142.425,0.40399999999999636,0
2021,Hungaroring,5,Aggressive,Technical,85.46530434782608,12.569144714182306,81.459,-2.5375942028985503,0
2021,Hungaroring,5,Balanced,Technical,85.46530434782608,12.573714481544402,81.459,-2.5375942028985508,0
2021,Hungaroring,6,Aggressive,Technical,86.64105797101449,12.92375908660719,82.831,-2.6988333333333334,1
2021,Hungaroring,6,Balanced,Technical,86.64105797101449,12.986956329428084,82.91000000000001,-2.6988333333333334,1
2021,Hungaroring,6,Cautious,Technical,86.64105797101449,12.939471869415241,82.84833333333334,-2.6988333333333334,1
2021,Hungaroring,7,Aggressive,Technical,87.07005882352941,14.236764949268451,81.518,-2.395889705882353,1
2021,Hungaroring,7,Balanced,Technical,87.07005882352941,14.24201739916094,81.518,-2.395889705882353,1
2021,Hungaroring,7,Cautious,Technical,87.07005882352941,14.321508346187596,81.59466666666667,-2.395889705882353,1
2021,Hungaroring,9,Aggressive,Technical,163.6405,28.31342216511454,137.794,-2.95575,0
2021,Hungaroring,9,Balanced,Technical,163.6405,29.844967465219312,155.025,-2.95575,0
2021,Hungaroring,9,Cautious,Technical,163.6405,36.55247083987619,163.6405,-2.95575,0
2021,Hungaroring,10,Aggressive,Technical,86.541115942029,14.269100236394928,78.394,-2.3310507246376813,1
2021,Hungaroring,10,Cautious,Technical,86.541115942029,14.274288057048569,78.394,-2.3310507246376813,1
2021,Hungaroring,14,Aggressive,Technical,85.70376811594203,13.244190660595795,80.359,-2.2183405797101448,1
2021,Hungaroring,14,Cautious,Technical,85.70376811594203,13.257042862223212,80.359,-2.218340579710145,1
2021,Hungaroring,22,Aggressive,Technical,86.58673913043478,12.856220556491081,82.508,-2.6395942028985506,1
2021,Hungaroring,22,Balanced,Technical,86.58673913043478,12.856220556491081,82.508,-2.6395942028985506,1
2021,Hungaroring,22,Cautious,Technical,86.58673913043478,12.856220556491081,82.508,-2.6395942028985506,1
2021,Hungaroring,31,Aggressive,Technical,85.39640579710145,12.341207407336464,81.421,-2.2341521739130434,1
2021,Hungaroring,31,Balanced,Technical,85.39640579710145,12.413590476142582,81.45100000000001,-2.2341521739130434,1
2021,Hungaroring,31,Cautious,Technical,85.39640579710145,12.368202424806444,81.42366666666668,-2.2341521739130434,1
2021,Hungaroring,33,Aggressive,Technical,86.87411594202898,15.108923431860315,80.945,-2.3804275362318843,1
2021,Hungaroring,33,Balanced,Technical,86.874115942029,15.118077582007574,80.945,-2.3804275362318843,1
2021,Hungaroring,44,Aggressive,Technical,85.20379710144928,12.13982477534853,78.715,-2.177855072463768,1
2021,Hungaroring,44,Balanced,Technical,85.20379710144927,12.169326215632212,78.81933333333335,-2.177855072463768,1
2021,Hungaroring,44,Cautious,Technical,85.20379710144927,12.147180016723329,78.715,-2.177855072463768,1
2021,Hungaroring,55,Aggressive,Technical,85.66797101449275,12.923589044582977,81.51666666666667,-2.2765289855072464,1
2021,Hungaroring,55,Balanced,Technical,85.66797101449275,12.923589044582977,81.51666666666667,-2.2765289855072464,1
2021,Hungaroring,55,Cautious,Technical,85.66797101449275,12.923589044582977,81.51666666666667,-2.2765289855072464,1
2021,Hungaroring,63,Aggressive,Technical,86.67133333333334,13.39480253789231,82.112,-2.743289855072464,1
2021,Hungaroring,63,Balanced,Technical,86.67133333333334,13.460303185409211,82.13266666666667,-2.743289855072464,1
2021,Hungaroring,63,Cautious,Technical,86.67133333333334,13.411088018117098,82.12033333333333,-2.743289855072464,1
2021,Hungaroring,99,Aggressive,Technical,87.66497058823529,15.161226665626765,82.736,-2.339948529411765,0
2021,Hungaroring,99,Balanced,Technical,87.66497058823529,15.161226665626765,82.736,-2.339948529411765,0
2021,Monaco,3,Balanced,Street,77.69901298701299,3.118038618581974,74.578,0.15540909090909075,0
2021,Monaco,3,Cautious,Street,77.69901298701298,3.1171696403630835,74.578,0.15540909090909077,0
2021,Monaco,4,Balanced,Street,76.36214102564102,2.3867391390658166,74.67,0.22619871794871782,1
2021,Monaco,4,Cautious,Street,76.36214102564102,2.3887104744408165,74.67,0.22619871794871785,1
2021,Monaco,5,Balanced,Street,76.78732051282051,2.468131898837312,75.316,0.18092948717948718,1
2021,Monaco,5,Cautious,Street,76.78732051282051,2.4832687951416768,75.359,0.18092948717948718,1
2021,Monaco,6,Balanced,Street,78.04811688311688,3.1705616901938294,75.573,0.18616233766233775,0
2021,Monaco,7,Balanced,Street,77.6710909090909,2.8982409359945875,74.971,0.22571428571428573,0
2021,Monaco,9,Cautious,Street,79.66484,3.5402748983953782,76.866,0.08574000000000002,0
2021,Monaco,10,Balanced,Street,76.80405128205129,2.4243611285012525,75.412,0.24764743589743585,1
2021,Monaco,10,Cautious,Street,76.80405128205129,2.4289090429634794,75.412,0.24764743589743585,1
2021,Monaco,11,Balanced,Street,76.37576923076922,2.661983523182057,74.552,0.1522115384615385,1
2021,Monaco,11,Cautious,Street,76.37576923076924,2.678354509977886,74.655,0.1522115384615385,1
2021,Monaco,14,Balanced,Street,77.70535064935065,3.023740726040425,75.026,0.19443506493506493,0
2021,Monaco,18,Balanced,Street,77.16879220779221,2.6744814912014845,74.674,0.17117532467532479,1
2021,Monaco,18,Cautious,Street,77.16879220779222,2.678950135071554,74.674,0.17117532467532476,1
2021,Monaco,22,Balanced,Street,78.05797402597402,3.218128768268236,74.037,0.2548116883116884,0
2021,Monaco,22,Cautious,Street,78.05797402597402,3.237127397676856,74.58300000000001,0.2548116883116884,0
2021,Monaco,31,Balanced,Street,77.64812987012988,2.5680378107006594,75.316,0.2162792207792208,1
2021,Monaco,31,Cautious,Street,77.64812987012986,2.5838900464968506,75.44166666666666,0.2162792207792208,1
2021,Monaco,33,Balanced,Street,75.90235064935065,1.1517666607062627,74.649,0.06514935064935057,1
2021,Monaco,33,Cautious,Street,75.90235064935065,1.1550554157685673,74.67066666666666,0.06514935064935057,1
2021,Monaco,44,Balanced,Street,76.98783333333333,3.018308773238271,72.909,0.31473076923076926,1
2021,Monaco,55,Balanced,Street,76.22805128205128,2.430137872603298,74.621,0.2776346153846154,1
2021,Monaco,55,Cautious,Street,76.22805128205128,2.4316241956001297,74.621,0.2776346153846154,1
2021,Monaco,63,Balanced,Street,78.03403896103896,3.2294294862382333,75.539,0.27053896103896113,0
2021,Monaco,63,Cautious,Street,78.03403896103896,3.233449075454665,75.539,0.27053896103896113,0
2021,Monaco,77,Balanced,Street,76.793,1.2722655125934101,75.706,0.06722413793103425,0
2021,Monaco,99,Balanced,Street,77.65353246753247,2.7262042899942585,75.331,0.1507597402597403,1
2021,Monaco,99,Cautious,Street,77.65353246753247,2.7432325897916727,75.43400000000001,0.1507597402597403,1
2021,Monza,3,Aggressive,HighSpeed,92.7238679245283,17.944571756995728,84.812,0.5972452830188678,1
2021,Monza,3,Cautious,HighSpeed,92.72386792452829,17.97699196727045,84.812,0.5972452830188678,1
2021,Monza,4,Aggressive,HighSpeed,92.75683018867925,17.315534975798847,84.971,0.5108773584905663,1
2021,Monza,4,Cautious,HighSpeed,92.75683018867925,17.315534975798847,84.971,0.5108773584905663,1
2021,Monza,5,Aggressive,HighSpeed,93.18841509433963,15.164020066366847,85.938,0.3846603773584905,0
2021,Monza,5,Balanced,HighSpeed,93.18841509433963,15.191416692255714,85.938,0.3846603773584905,0
2021,Monza,6,Aggressive,HighSpeed,93.17184905660378,15.811810172276273,85.95300000000002,0.2122358490566037,0
2021,Monza,6,Balanced,HighSpeed,93.17184905660378,15.83181247018154,85.95300000000002,0.21223584905660373,0
2021,Monza,9,Aggressive,HighSpeed,95.95409756097561,15.351286381566421,87.202,0.630878048780488,0
2021,Monza,9,Balanced,HighSpeed,95.95409756097561,15.504039262084053,87.47733333333333,0.6308780487804879,0
2021,Monza,10,Aggressive,HighSpeed,106.783,13.93849755486425,89.005,-1.9273333333333322,0
2021,Monza,10,Cautious,HighSpeed,106.783,14.947373387990284,95.72766666666666,-1.9273333333333322,0
2021,Monza,11,Aggressive,HighSpeed,92.79411320754717,18.504407121983682,85.156,0.2728207547169812,1
2021,Monza,11,Balanced,HighSpeed,92.79411320754717,18.574766338244885,85.19533333333334,0.2728207547169812,1
2021,Monza,11,Cautious,HighSpeed,92.79411320754717,18.663854457686565,85.23700000000001,0.2728207547169812,1
2021,Monza,14,Aggressive,HighSpeed,93.04841509433963,16.520424849067734,85.472,0.3144811320754718,1
2021,Monza,14,Balanced,HighSpeed,93.04841509433963,16.520424849067734,85.472,0.3144811320754718,1
2021,Monza,14,Cautious,HighSpeed,93.04841509433962,16.625987743282135,85.61466666666666,0.3144811320754718,1
2021,Monza,16,Aggressive,HighSpeed,92.86177358490566,18.66703150063078,85.319,0.11579245283018869,1
2021,Monza,16,Balanced,HighSpeed,92.86177358490566,18.73358084361979,85.383,0.11579245283018869,1
2021,Monza,18,Aggressive,HighSpeed,93.02205660377359,16.686976742920024,85.853,0.12429245283018876,1
2021,Monza,18,Balanced,HighSpeed,93.02205660377358,16.694883389534226,85.853,0.12429245283018878,1
2021,Monza,31,Aggressive,HighSpeed,93.1176037735849,16.67517125749852,85.56599999999999,0.3117169811320756,1
2021,Monza,31,Cautious,HighSpeed,93.1176037735849,16.812042264102995,85.81400000000001,0.31171698113207563,1
2021,Monza,33,Aggressive,HighSpeed,88.54992,5.900011630479977,85.173,0.67958,0
2021,Monza,33,Balanced,HighSpeed,88.54992,5.908926284212565,85.173,0.67958,0
2021,Monza,44,Aggressive,HighSpeed,87.6894,3.755303902720219,85.87,-0.012339999999999946,0
2021,Monza,44,Cautious,HighSpeed,87.6894,3.784990561549711,85.92200000000001,-0.012339999999999946,0
2021,Monza,47,Aggressive,HighSpeed,93.68779245283018,13.657869948448432,86.707,0.21424528301886772,0
2021,Monza,55,Aggressive,HighSpeed,92.92264150943396,17.58676491091915,85.55900000000001,0.21082075471698108,1
2021,Monza,55,Balanced,HighSpeed,92.92264150943396,17.7341132123009,85.64233333333334,0.21082075471698108,1
2021,Monza,55,Cautious,HighSpeed,92.92264150943396,17.64946302390431,85.59033333333333,0.21082075471698108,1
2021,Monza,63,Aggressive,HighSpeed,93.09635849056605,16.529999015984075,85.835,0.17783018867924527,1
2021,Monza,63,Balanced,HighSpeed,93.09635849056603,16.55986353719955,85.835,0.17783018867924527,1
2021,Monza,63,Cautious,HighSpeed,93.09635849056603,16.586128206419495,85.83866666666665,0.17783018867924527,1
2021,Monza,77,Aggressive,HighSpeed,92.81671698113207,17.863879481735633,84.827,0.1590283018867926,1
2021,Monza,77,Cautious,HighSpeed,92.81671698113207,18.019355689814553,85.096,0.15902830188679257,1
2021,Monza,88,Aggressive,HighSpeed,93.28554716981132,16.239886778359764,85.98266666666666,0.2848584905660379,0
2021,Monza,88,Balanced,HighSpeed,93.28554716981132,16.214170393613745,85.849,0.2848584905660379,0
2021,Monza,99,Aggressive,HighSpeed,93.23737735849058,15.638486911080204,85.718,1.0182641509433963,0
2021,Monza,99,Balanced,HighSpeed,93.23737735849056,15.666740749672828,85.718,1.0182641509433963,0
2021,Singapore,3,Aggressive,Street,87.34983823529411,13.986236514021,82.802,-2.536110294117647,0
2021,Singapore,3,Cautious,Street,87.34983823529411,13.986236514021,82.802,-2.536110294117647,0
2021,Singapore,4,Aggressive,Street,164.579,23.352366427790088,142.425,0.40399999999999636,0
2021,Singapore,4,Balanced,Street,164.579,31.33048726081354,164.579,0.40399999999999636,0
2021,Singapore,4,Cautious,Street,164.579,23.683622213311388,142.425,0.40399999999999636,0
2021,Singapore,5,Aggressive,Street,85.46530434782608,12.569144714182306,81.459,-2.5375942028985503,0
2021,Singapore,5,Balanced,Street,85.46530434782608,12.573714481544402,81.459,-2.5375942028985508,0
2021,Singapore,6,Aggressive,Street,86.64105797101449,12.92375908660719,82.831,-2.6988333333333334,1
2021,Singapore,6,Balanced,Street,86.64105797101449,12.986956329428084,82.91000000000001,-2.6988333333333334,1
2021,Singapore,6,Cautious,Street,86.64105797101449,12.939471869415241,82.84833333333334,-2.6988333333333334,1
2021,Singapore,7,Aggressive,Street,87.07005882352941,14.236764949268451,81.518,-2.395889705882353,1
2021,Singapore,7,Balanced,Street,87.07005882352941,14.24201739916094,81.518,-2.395889705882353,1
2021,Singapore,7,Cautious,Street,87.07005882352941,14.321508346187596,81.59466666666667,-2.395889705882353,1
2021,Singapore,9,Aggressive,Street,163.6405,28.31342216511454,137.794,-2.95575,0
2021,Singapore,9,Balanced,Street,163.6405,29.844967465219312,155.025,-2.95575,0
2021,Singapore,9,Cautious,Street,163.6405,36.55247083987619,163.6405,-2.95575,0
2021,Singapore,10,Aggressive,Street,86.541115942029,14.269100236394928,78.394,-2.3310507246376813,1
2021,Singapore,10,Cautious,Street,86.541115942029,14.274288057048569,78.394,-2.3310507246376813,1
2021,Singapore,14,Aggressive,Street,85.70376811594203,13.244190660595795,80.359,-2.2183405797101448,1
2021,Singapore,14,Cautious,Street,85.70376811594203,13.257042862223212,80.359,-2.218340579710145,1
2021,Singapore,22,Aggressive,Street,86.58673913043478,12.856220556491081,82.508,-2.6395942028985506,1
2021,Singapore,22,Balanced,Street,86.58673913043478,12.856220556491081,82.508,-2.6395942028985506,1
2021,Singapore,22,Cautious,Street,86.58673913043478,12.856220556491081,82.508,-2.6395942028985506,1
2021,Singapore,31,Aggressive,Street,85.39640579710145,12.341207407336464,81.421,-2.2341521739130434,1
2021,Singapore,31,Balanced,Street,85.39640579710145,12.413590476142582,81.45100000000001,-2.2341521739130434,1
2021,Singapore,31,Cautious,Street,85.39640579710145,12.368202424806444,81.42366666666668,-2.2341521739130434,1
2021,Singapore,33,Aggressive,Street,86.87411594202898,15.108923431860315,80.945,-2.3804275362318843,1
2021,Singapore,33,Balanced,Street,86.874115942029,15.118077582007574,80.945,-2.3804275362318843,1
2021,Singapore,44,Aggressive,Street,85.20379710144928,12.13982477534853,78.715,-2.177855072463768,1
2021,Singapore,44,Balanced,Street,85.20379710144927,12.169326215632212,78.81933333333335,-2.177855072463768,1
2021,Singapore,44,Cautious,Street,85.20379710144927,12.147180016723329,78.715,-2.177855072463768,1
2021,Singapore,55,Aggressive,Street,85.66797101449275,12.923589044582977,81.51666666666667,-2.2765289855072464,1
2021,Singapore,55,Balanced,Street,85.66797101449275,12.923589044582977,81.51666666666667,-2.2765289855072464,1
2021,Singapore,55,Cautious,Street,85.66797101449275,12.923589044582977,81.51666666666667,-2.2765289855072464,1
2021,Singapore,63,Aggressive,Street,86.67133333333334,13.39480253789231,82.112,-2.743289855072464,1
2021,Singapore,63,Balanced,Street,86.67133333333334,13.460303185409211,82.13266666666667,-2.743289855072464,1
2021,Singapore,63,Cautious,Street,86.67133333333334,13.411088018117098,82.12033333333333,-2.743289855072464,1
2021,Singapore,99,Aggressive,Street,87.66497058823529,15.161226665626765,82.736,-2.339948529411765,0
2021,Singapore,99,Balanced,Street,87.66497058823529,15.161226665626765,82.736,-2.339948529411765,0
2022,Baku,1,Aggressive,HighSpeed,110.70472549019608,9.413641239187681,106.05,-6.606088235294117,1
2022,Baku,1,Balanced,HighSpeed,110.70472549019608,9.413641239187681,106.05,-6.606088235294117,1
2022,Baku,1,Cautious,HighSpeed,110.70472549019607,9.491764082779198,106.29899999999999,-6.606088235294118,1
2022,Baku,3,Aggressive,HighSpeed,112.51270588235295,9.220356324980667,108.276,-6.599774509803922,1
2022,Baku,3,Cautious,HighSpeed,112.51270588235293,9.217332761585718,108.276,-6.599774509803922,1
2022,Baku,4,Aggressive,HighSpeed,112.51954901960785,8.339669209988868,107.997,-6.610323529411764,1
2022,Baku,4,Balanced,HighSpeed,112.51954901960785,8.34377641004578,107.997,-6.610323529411764,1
2022,Baku,4,Cautious,HighSpeed,112.51954901960785,8.406121808096112,108.041,-6.610323529411764,1
2022,Baku,5,Aggressive,HighSpeed,112.35372549019607,8.624409586243141,108.206,-6.6850000000000005,1
2022,Baku,5,Balanced,HighSpeed,112.35372549019608,8.631487477944267,108.206,-6.685,1
2022,Baku,5,Cautious,HighSpeed,112.35372549019608,8.652826169291599,108.29766666666667,-6.685,1
2022,Baku,6,Aggressive,HighSpeed,114.92874,8.852974805194812,109.67533333333334,-6.64111,0
2022,Baku,6,Balanced,HighSpeed,114.92874,8.838108338273548,109.58300000000001,-6.641109999999999,0
2022,Baku,10,Aggressive,HighSpeed,112.22039215686276,8.407068905881255,108.519,-6.511147058823529,1
2022,Baku,10,Balanced,HighSpeed,112.22039215686274,8.439377277666248,108.54533333333335,-6.51114705882353,1
2022,Baku,10,Cautious,HighSpeed,112.22039215686274,8.41856497156319,108.519,-6.51114705882353,1
2022,Baku,11,Aggressive,HighSpeed,111.11301960784314,9.721196766013366,106.046,-6.199480392156863,1
2022,Baku,11,Balanced,HighSpeed,111.11301960784313,9.718920938575868,106.046,-6.199480392156863,1
2022,Baku,14,Aggressive,HighSpeed,112.44190196078432,8.390550501997526,107.98899999999999,-6.8118823529411765,1
2022,Baku,14,Balanced,HighSpeed,112.4419019607843,8.385835384737275,107.98899999999999,-6.8118823529411765,1
2022,Baku,16,Aggressive,HighSpeed,113.3142,12.6913383349737,107.531,-6.696924999999999,0
2022,Baku,16,Balanced,HighSpeed,113.3142,12.683727336786955,107.531,-6.696924999999999,0
2022,Baku,18,Aggressive,HighSpeed,114.29834782608695,8.695528810748128,108.17933333333333,-6.759652173913044,0
2022,Baku,18,Balanced,HighSpeed,114.29834782608695,8.63182444506355,108.038,-6.759652173913043,0
2022,Baku,20,Aggressive,HighSpeed,112.62316129032257,6.690333960746002,108.789,-6.60316129032258,0
2022,Baku,20,Balanced,HighSpeed,112.62316129032259,6.7085886575968905,108.96499999999999,-6.603161290322581,0
2022,Baku,22,Aggressive,HighSpeed,113.09613999999999,10.01946370922408,107.52299999999998,-6.1346099999999995,0
2022,Baku,22,Balanced,HighSpeed,113.09614,10.025210462612687,107.52299999999998,-6.1346099999999995,0
2022,Baku,22,Cautious,HighSpeed,113.09613999999999,10.106717580169441,107.55533333333334,-6.13461,0
2022,Baku,23,Aggressive,HighSpeed,113.06302000000001,9.199303498197374,107.966,-6.57814,0
2022,Baku,23,Balanced,HighSpeed,113.06302000000001,9.199303498197374,107.966,-6.57814,0
2022,Baku,24,Aggressive,HighSpeed,114.38252173913044,9.118920547909125,108.723,-6.098673913043478,0
2022,Baku,24,Balanced,HighSpeed,114.38252173913044,9.085578862056508,108.723,-6.098673913043478,0
2022,Baku,31,Aggressive,HighSpeed,112.82598039215686,8.870009776659627,108.29699999999998,-7.1148235294117645,1
2022,Baku,31,Balanced,HighSpeed,112.82598039215686,8.870009776659627,108.29699999999998,-7.1148235294117645,1
2022,Baku,44,Aggressive,HighSpeed,112.11019607843136,9.87115526751442,107.044,-6.291754901960784,1
2022,Baku,44,Balanced,HighSpeed,112.11019607843137,9.873466742845844,107.044,-6.291754901960784,1
2022,Baku,47,Aggressive,HighSpeed,113.8676,9.121685583201593,108.45733333333334,-6.326960000000001,0
2022,Baku,47,Balanced,HighSpeed,113.8676,9.10636788039855,108.41000000000001,-6.32696,0
2022,Baku,55,Aggressive,HighSpeed,109.80574999999999,1.7437094538868683,108.978,-6.957437499999998,0
2022,Baku,55,Balanced,HighSpeed,109.80574999999999,1.7437094538868683,108.978,-6.957437499999998,0
2022,Baku,55,Cautious,HighSpeed,109.80575,1.8445838671248154,109.01233333333334,-6.957437499999999,0
2022,Baku,63,Aggressive,HighSpeed,111.60658823529411,9.68945184611548,107.177,-6.108303921568628,1
2022,Baku,63,Balanced,HighSpeed,111.60658823529413,9.693422119523689,107.177,-6.108303921568627,1
2022,Baku,77,Aggressive,HighSpeed,113.0307,8.965134731934874,108.17900000000002,-6.785829999999999,0
2022,Baku,77,Balanced,HighSpeed,113.0307,8.95013031182575,108.17900000000002,-6.785829999999999,0
2022,Barcelona,1,Aggressive,Technical,88.49204545454545,3.8267739610924676,85.456,2.987878787878788,1
2022,Barcelona,1,Balanced,Technical,88.49204545454545,3.8306570406923175,85.456,2.987878787878788,1
2022,Barcelona,1,Cautious,Technical,88.49204545454546,3.835527553836458,85.53866666666666,2.9878787878787882,1
2022,Barcelona,3,Aggressive,Technical,90.46387692307692,4.072367685395343,87.28500000000001,3.1726692307692304,0
2022,Barcelona,3,Cautious,Technical,90.46387692307692,4.072367685395343,87.28500000000001,3.1726692307692304,0
2022,Barcelona,4,Aggressive,Technical,89.75318181818182,4.164546133630393,85.61899999999999,3.095727272727273,1
2022,Barcelona,4,Cautious,Technical,89.75318181818182,4.164546133630393,85.61899999999999,3.095727272727273,1
2022,Barcelona,5,Aggressive,Technical,90.26304615384615,3.500557366166466,87.705,2.943230769230769,0
2022,Barcelona,5,Balanced,Technical,90.26304615384615,3.514204815062939,87.83266666666667,2.943230769230769,0
2022,Barcelona,5,Cautious,Technical,90.26304615384615,3.514204815062939,87.83266666666667,2.943230769230769,0
2022,Barcelona,6,Aggressive,Technical,91.32704687500001,4.295042979005974,87.246,3.2127031250000004,0
2022,Barcelona,6,Balanced,Technical,91.327046875,4.317708270836923,87.54066666666667,3.212703125,0
2022,Barcelona,6,Cautious,Technical,91.32704687500001,4.295042979005974,87.246,3.2127031250000004,0
2022,Barcelona,10,Aggressive,Technical,90.48341538461538,4.437151957807636,86.98700000000001,3.122023076923077,0
2022,Barcelona,10,Cautious,Technical,90.48341538461538,4.437151957807636,86.98700000000001,3.122023076923077,0
2022,Barcelona,11,Aggressive,Technical,88.69010606060606,3.9461045665459897,84.108,3.0547954545454545,1
2022,Barcelona,11,Balanced,Technical,88.69010606060606,3.9461045665459897,84.108,3.0547954545454545,1
2022,Barcelona,11,Cautious,Technical,88.69010606060606,3.9703140241190713,85.12966666666667,3.0547954545454545,1
2022,Barcelona,14,Aggressive,Technical,89.9588,4.256412504974114,86.66633333333334,3.0411384615384613,1
2022,Barcelona,14,Cautious,Technical,89.9588,4.239882685227992,86.60300000000001,3.0411384615384613,1
2022,Barcelona,16,Aggressive,Technical,89.69103703703703,5.175966708075056,87.03000000000002,3.036259259259259,0
2022,Barcelona,16,Balanced,Technical,89.69103703703703,5.250089336100583,87.14133333333332,3.036259259259259,0
2022,Barcelona,16,Cautious,Technical,89.69103703703703,5.200324333002096,87.08533333333332,3.036259259259259,0
2022,Barcelona,18,Aggressive,Technical,90.8124,4.825782496857559,86.88933333333334,2.945530769230769,0
2022,Barcelona,18,Balanced,Technical,90.8124,4.825782496857559,86.88933333333334,2.945530769230769,0
2022,Barcelona,20,Aggressive,Technical,91.455171875,7.013341569120959,87.53699999999999,3.362375,0
2022,Barcelona,20,Balanced,Technical,91.45517187499999,7.015173446276153,87.53699999999999,3.362375,0
2022,Barcelona,22,Aggressive,Technical,90.01723076923076,4.143320709916525,86.82800000000002,3.0142,1
2022,Barcelona,22,Cautious,Technical,90.01723076923076,4.143320709916525,86.82800000000002,3.0142,1
2022,Barcelona,23,Aggressive,Technical,92.043796875,4.771459814518506,88.35166666666667,3.163421875,0
2022,Barcelona,23,Cautious,Technical,92.043796875,4.771459814518506,88.35166666666667,3.163421875,0
2022,Barcelona,24,Aggressive,Technical,91.98467857142857,5.291442773248062,88.415,3.2675178571428574,0
2022,Barcelona,24,Balanced,Technical,91.98467857142857,5.291442773248062,88.415,3.2675178571428574,0
2022,Barcelona,31,Aggressive,Technical,89.63442424242423,3.9408770007246794,85.935,3.0620984848484847,1
2022,Barcelona,31,Balanced,Technical,89.63442424242425,3.9610350708664503,86.10933333333332,3.0620984848484847,1
2022,Barcelona,31,Cautious,Technical,89.63442424242425,3.9458876537347614,86.01466666666666,3.0620984848484847,1
2022,Barcelona,44,Aggressive,Technical,89.31831818181817,5.7128416564849624,84.253,3.144196969696969,1
2022,Barcelona,44,Balanced,Technical,89.31831818181819,5.725909553826212,84.53733333333334,3.1441969696969694,1
2022,Barcelona,44,Cautious,Technical,89.31831818181819,5.725909553826212,84.53733333333334,3.1441969696969694,1
2022,Barcelona,47,Aggressive,Technical,90.52181538461538,3.4053499799089395,87.447,3.1700153846153847,0
2022,Barcelona,47,Balanced,Technical,90.52181538461538,3.4147648443775904,87.516,3.1700153846153847,0
2022,Barcelona,47,Cautious,Technical,90.52181538461538,3.4147648443775904,87.516,3.1700153846153847,0
2022,Barcelona,55,Aggressive,Technical,89.17701515151515,4.349468372266913,85.985,3.15294696969697,1
2022,Barcelona,55,Cautious,Technical,89.17701515151515,4.349468372266913,85.985,3.15294696969697,1
2022,Barcelona,63,Aggressive,Technical,88.9909393939394,3.668747625143679,84.636,2.987181818181818,1
2022,Barcelona,63,Cautious,Technical,88.9909393939394,3.668747625143679,84.636,2.987181818181818,1
2022,Barcelona,77,Aggressive,Technical,89.40077272727272,3.3642452602331465,86.395,3.0575151515151515,1
2022,Barcelona,77,Balanced,Technical,89.40077272727272,3.366376552977945,86.395,3.0575151515151515,1
2022,Barcelona,77,Cautious,Technical,89.40077272727272,3.3857422537888042,87.01466666666666,3.0575151515151515,1
2022,Hungaroring,1,Aggressive,Technical,85.37017142857144,5.610332644824767,82.126,-2.56555,1
2022,Hungaroring,1,Balanced,Technical,85.37017142857144,5.615357574309302,82.126,-2.56555,1
2022,Hungaroring,1,Cautious,Technical,85.37017142857144,5.6254480722486635,82.12666666666667,-2.56555,1
2022,Hungaroring,3,Aggressive,Technical,87.13549275362318,6.064407441471102,83.59,-2.6489347826086957,0
2022,Hungaroring,3,Cautious,Technical,87.13549275362318,6.063358870971101,83.59,-2.6489347826086957,0
2022,Hungaroring,4,Aggressive,Technical,86.48874285714285,5.937524463505155,83.043,-2.78375,1
2022,Hungaroring,4,Cautious,Technical,86.48874285714285,5.937524463505155,83.043,-2.78375,1
2022,Hungaroring,5,Aggressive,Technical,86.7701884057971,5.956229675711706,82.824,-2.550369565217391,1
2022,Hungaroring,5,Balanced,Technical,86.7701884057971,5.988986456221515,82.86966666666666,-2.550369565217391,1
2022,Hungaroring,5,Cautious,Technical,86.7701884057971,5.959842796866382,82.824,-2.550369565217391,1
2022,Hungaroring,6,Aggressive,Technical,87.75230434782608,6.8356510495343725,82.478,-2.4660289855072466,0
2022,Hungaroring,6,Balanced,Technical,87.75230434782608,6.8439618745484685,82.586,-2.4660289855072466,0
2022,Hungaroring,6,Cautious,Technical,87.75230434782608,6.8356510495343725,82.478,-2.4660289855072466,0
2022,Hungaroring,10,Aggressive,Technical,87.06814492753622,6.134834064448,83.199,-2.5911666666666666,0
2022,Hungaroring,10,Balanced,Technical,87.06814492753624,6.142292832022673,83.21366666666667,-2.5911666666666666,0
2022,Hungaroring,10,Cautious,Technical,87.06814492753624,6.1648334319260405,83.23166666666667,-2.5911666666666666,0
2022,Hungaroring,11,Aggressive,Technical,85.59428571428572,5.986935136501293,81.94,-2.6502000000000003,1
2022,Hungaroring,11,Balanced,Technical,85.59428571428572,5.99409226414532,81.94,-2.6502000000000003,1
2022,Hungaroring,11,Cautious,Technical,85.59428571428572,5.99409226414532,81.94,-2.6502000000000003,1
2022,Hungaroring,14,Aggressive,Technical,86.72646376811595,5.232882105093012,83.979,-2.8857681159420285,1
2022,Hungaroring,14,Balanced,Technical,86.72646376811595,5.239228841331161,83.979,-2.8857681159420285,1
2022,Hungaroring,14,Cautious,Technical,86.72646376811595,5.245598726773457,83.99066666666666,-2.885768115942029,1
2022,Hungaroring,16,Aggressive,Technical,85.59941428571429,6.153414081505627,81.622,-2.5806714285714287,1
2022,Hungaroring,16,Balanced,Technical,85.59941428571429,6.15524955181685,81.622,-2.5806714285714287,1
2022,Hungaroring,16,Cautious,Technical,85.59941428571429,6.162607892222885,81.622,-2.5806714285714287,1
2022,Hungaroring,18,Aggressive,Technical,86.88049275362319,6.195642133188024,82.437,-2.522340579710145,0
2022,Hungaroring,18,Balanced,Technical,86.88049275362319,6.195642133188024,82.437,-2.522340579710145,0
2022,Hungaroring,18,Cautious,Technical,86.88049275362319,6.209194410700476,82.547,-2.5223405797101446,0
2022,Hungaroring,20,Aggressive,Technical,87.56428985507247,6.808810576574807,83.511,-2.5077173913043476,0
2022,Hungaroring,20,Balanced,Technical,87.56428985507247,6.809988062199958,83.511,-2.5077173913043476,0
2022,Hungaroring,20,Cautious,Technical,87.56428985507246,6.851588864896381,83.57099999999998,-2.507717391304348,0
2022,Hungaroring,22,Aggressive,Technical,88.65795588235295,7.972525319709771,83.538,-2.800389705882353,0
2022,Hungaroring,22,Balanced,Technical,88.65795588235294,7.982361875356839,83.58366666666666,-2.8003897058823526,0
2022,Hungaroring,22,Cautious,Technical,88.65795588235294,8.012091445208476,83.79666666666667,-2.8003897058823526,0
2022,Hungaroring,23,Aggressive,Technical,87.57660869565217,6.657586869583846,83.15033333333334,-2.4189855072463766,0
2022,Hungaroring,23,Balanced,Technical,87.57660869565217,6.645471141855429,83.047,-2.4189855072463766,0
2022,Hungaroring,23,Cautious,Technical,87.57660869565217,6.657586869583846,83.15033333333334,-2.4189855072463766,0
2022,Hungaroring,24,Aggressive,Technical,87.14676811594204,6.5141134774014295,82.029,-2.64913768115942,0
2022,Hungaroring,24,Balanced,Technical,87.14676811594202,6.515691317675839,82.029,-2.64913768115942,0
2022,Hungaroring,24,Cautious,Technical,87.14676811594204,6.5539068437098855,82.16633333333334,-2.6491376811594205,0
2022,Hungaroring,31,Aggressive,Technical,86.76811594202898,5.307216212706389,84.149,-2.8544202898550726,1
2022,Hungaroring,31,Balanced,Technical,86.76811594202898,5.320113476469994,84.23700000000001,-2.8544202898550726,1
2022,Hungaroring,31,Cautious,Technical,86.76811594202898,5.308501719861656,84.149,-2.8544202898550726,1
2022,Hungaroring,44,Aggressive,Technical,85.48208571428572,5.713714646936892,81.386,-2.7463571428571427,1
2022,Hungaroring,44,Balanced,Technical,85.48208571428572,5.715078790360164,81.386,-2.7463571428571427,1
2022,Hungaroring,44,Cautious,Technical,85.48208571428572,5.720545151045817,81.386,-2.7463571428571427,1
2022,Hungaroring,47,Aggressive,Technical,87.15092753623189,5.993662930882586,83.151,-2.6348985507246376,0
2022,Hungaroring,47,Balanced,Technical,87.15092753623188,5.999479199044865,83.151,-2.6348985507246376,0
2022,Hungaroring,47,Cautious,Technical,87.15092753623188,5.995842048544433,83.151,-2.6348985507246376,0
2022,Hungaroring,55,Aggressive,Technical,85.57844285714286,5.6974429682075405,82.0,-2.621507142857143,1
2022,Hungaroring,55,Balanced,Technical,85.57844285714286,5.712793089339337,82.12966666666667,-2.621507142857143,1
2022,Hungaroring,55,Cautious,Technical,85.57844285714285,5.698171122465507,82.0,-2.621507142857143,1
2022,Hungaroring,63,Aggressive,Technical,85.54641428571428,5.375383316845006,82.766,-2.718792857142857,1
2022,Hungaroring,63,Balanced,Technical,85.54641428571428,5.380197812496047,82.766,-2.718792857142857,1
2022,Hungaroring,63,Cautious,Technical,85.54641428571428,5.380197812496047,82.766,-2.718792857142857,1
2022,Hungaroring,77,Aggressive,Technical,86.48070769230769,4.768490082349887,84.002,-2.8545615384615384,0
2022,Hungaroring,77,Balanced,Technical,86.4807076923077,4.769365596923019,84.002,-2.8545615384615384,0
2022,Monaco,1,Balanced,Street,90.5543015873016,18.60285507180444,76.052,0.04254761904761891,1
2022,Monaco,1,Cautious,Street,90.5543015873016,18.630627451146776,76.052,0.04254761904761891,1
2022,Monaco,3,Balanced,Street,91.76271428571428,17.730873483585334,77.532,0.2960714285714287,0
2022,Monaco,3,Cautious,Street,91.7627142857143,17.72639768558811,77.532,0.29607142857142865,0
2022,Monaco,4,Balanced,Street,90.58950793650794,17.78879556604988,74.693,0.3484603174603173,1
2022,Monaco,4,Cautious,Street,90.58950793650794,17.78879556604988,74.693,0.3484603174603173,1
2022,Monaco,5,Balanced,Street,91.68304761904763,17.338511473101615,77.558,0.11560317460317483,1
2022,Monaco,6,Balanced,Street,92.03032258064516,20.878542775264574,78.579,0.49862903225806465,0
2022,Monaco,10,Balanced,Street,91.67158730158731,18.842481241629628,77.344,0.702420634920635,0
2022,Monaco,10,Cautious,Street,91.67158730158731,18.968688153013858,77.48,0.702420634920635,0
2022,Monaco,11,Balanced,Street,90.58869841269842,18.746099672398586,76.028,0.09144444444444451,1
2022,Monaco,11,Cautious,Street,90.5886984126984,18.812634396817412,76.09433333333334,0.09144444444444452,1
2022,Monaco,14,Balanced,Street,91.13414285714286,17.01321858896663,75.882,0.06961904761904766,1
2022,Monaco,14,Cautious,Street,91.13414285714286,17.140148234817598,76.32033333333334,0.06961904761904766,1
2022,Monaco,16,Balanced,Street,90.53977777777777,18.33081586067025,76.249,0.1878571428571428,1
2022,Monaco,18,Balanced,Street,91.49133333333333,19.543724937010328,77.672,0.5412857142857141,0
2022,Monaco,20,Balanced,Street,105.01852631578947,18.630169699377582,93.754,0.2342631578947365,0
2022,Monaco,22,Balanced,Street,92.49062903225806,17.170850864461507,75.334,0.2917580645161288,0
2022,Monaco,22,Cautious,Street,92.49062903225806,17.17332915715893,75.334,0.2917580645161288,0
2022,Monaco,23,Balanced,Street,95.88040425531915,18.703402351542252,78.023,0.5499361702127661,0
2022,Monaco,24,Balanced,Street,92.12858064516129,18.066297696235527,78.2,0.5190725806451613,0
2022,Monaco,31,Balanced,Street,91.18044444444445,16.94233377310752,77.571,0.1744285714285713,0
2022,Monaco,44,Balanced,Street,91.15574603174603,16.94771115408124,77.203,0.2385714285714286,1
2022,Monaco,44,Cautious,Street,91.15574603174603,17.07767542159727,77.38900000000001,0.2385714285714286,1
2022,Monaco,47,Balanced,Street,103.64608333333334,19.34633992538925,84.778,0.7322916666666669,0
2022,Monaco,55,Balanced,Street,90.57209523809524,18.40925399147666,76.421,0.026484126984127124,1
2022,Monaco,55,Cautious,Street,90.57209523809524,18.423897441219978,76.421,0.026484126984127124,1
2022,Monaco,63,Balanced,Street,90.65820634920635,18.036102431630027,76.83,0.11807936507936512,1
2022,Monaco,63,Cautious,Street,90.65820634920635,18.038491794087538,76.83,0.1180793650793651,1
2022,Monaco,77,Balanced,Street,91.48973015873017,17.288083971105355,77.6,0.3033015873015873,1
2022,Monza,1,Aggressive,HighSpeed,91.08511320754717,14.310775696544159,84.745,0.5590094339622643,1
2022,Monza,1,Cautious,HighSpeed,91.08511320754717,14.339052301267863,84.745,0.5590094339622643,1
2022,Monza,3,Aggressive,HighSpeed,88.48853333333334,4.621311823129063,86.603,0.4006777777777778,0
2022,Monza,3,Cautious,HighSpeed,88.48853333333332,4.633366690921116,86.603,0.40067777777777774,0
2022,Monza,4,Aggressive,HighSpeed,91.20222641509434,11.131079328554922,84.718,0.3266603773584905,1
2022,Monza,4,Cautious,HighSpeed,91.20222641509433,11.173402976782922,84.745,0.32666037735849046,1
2022,Monza,5,Aggressive,HighSpeed,88.8225,2.031481712289928,87.55466666666666,0.5353000000000007,0
2022,Monza,5,Balanced,HighSpeed,88.8225,2.087149052335908,87.67133333333334,0.5353000000000007,0
2022,Monza,5,Cautious,HighSpeed,88.8225,2.031481712289928,87.55466666666666,0.5353000000000007,0
2022,Monza,6,Aggressive,HighSpeed,92.89044230769231,13.066987764661425,86.798,0.5979134615384617,0
2022,Monza,6,Cautious,HighSpeed,92.89044230769231,13.088114678642587,86.80900000000001,0.5979134615384617,0
2022,Monza,10,Aggressive,HighSpeed,91.2057924528302,9.408278416897456,86.718,0.47785849056603785,1
2022,Monza,10,Balanced,HighSpeed,91.2057924528302,9.488350315312761,86.72433333333333,0.47785849056603785,1
2022,Monza,10,Cautious,HighSpeed,91.2057924528302,9.488350315312761,86.72433333333333,0.47785849056603785,1
2022,Monza,11,Aggressive,HighSpeed,91.20003773584905,10.56766509375212,84.03,0.33705660377358493,1
2022,Monza,11,Balanced,HighSpeed,91.20003773584905,10.654405249910385,84.351,0.33705660377358493,1
2022,Monza,11,Cautious,HighSpeed,91.20003773584905,10.603548609893387,84.17233333333333,0.33705660377358493,1
2022,Monza,14,Aggressive,HighSpeed,88.78448387096775,4.157824342147627,87.20300000000002,0.21267741935483883,0
2022,Monza,14,Cautious,HighSpeed,88.78448387096775,4.170716851669775,87.20300000000002,0.21267741935483883,0
2022,Monza,16,Aggressive,HighSpeed,91.1312641509434,13.729301002907794,84.336,0.5961603773584905,1
2022,Monza,16,Balanced,HighSpeed,91.13126415094341,13.735806239474162,84.336,0.5961603773584905,1
2022,Monza,18,Aggressive,HighSpeed,89.49110256410256,4.940576363372596,87.467,0.5276025641025642,0
2022,Monza,18,Cautious,HighSpeed,89.49110256410256,4.956591239613849,87.46966666666667,0.5276025641025642,0
2022,Monza,20,Aggressive,HighSpeed,92.92609615384616,13.023270464839884,86.798,0.27710576923076896,0
2022,Monza,22,Aggressive,HighSpeed,92.86290384615384,13.464254399041582,86.85700000000001,0.6757884615384616,0
2022,Monza,24,Aggressive,HighSpeed,91.23435849056604,9.29923038367667,86.361,0.5368773584905661,1
2022,Monza,24,Balanced,HighSpeed,91.23435849056604,9.29923038367667,86.361,0.5368773584905661,1
2022,Monza,31,Aggressive,HighSpeed,91.24215094339623,9.097913585318217,86.593,0.3686415094339624,0
2022,Monza,31,Cautious,HighSpeed,91.24215094339623,9.123870595512932,86.59333333333332,0.3686415094339624,0
2022,Monza,44,Aggressive,HighSpeed,91.18662264150943,11.098423924444086,84.434,0.33508490566037746,1
2022,Monza,44,Balanced,HighSpeed,91.18662264150943,11.191410549418308,84.46499999999999,0.33508490566037746,1
2022,Monza,44,Cautious,HighSpeed,91.18662264150943,11.191410549418308,84.46499999999999,0.33508490566037746,1
2022,Monza,45,Aggressive,HighSpeed,91.21949056603773,9.3817889752905,86.62399999999998,0.6099622641509435,1
2022,Monza,45,Cautious,HighSpeed,91.21949056603773,9.396621852497558,86.62399999999998,0.6099622641509435,1
2022,Monza,47,Aggressive,HighSpeed,91.24641509433962,8.873780503996283,85.298,0.22740566037735843,0
2022,Monza,47,Balanced,HighSpeed,91.24641509433962,8.941779816452742,85.62933333333335,0.22740566037735843,0
2022,Monza,47,Cautious,HighSpeed,91.24641509433962,8.941779816452742,85.62933333333335,0.22740566037735843,0
2022,Monza,55,Aggressive,HighSpeed,91.1806037735849,13.120806594873667,84.42,0.35237735849056606,1
2022,Monza,55,Balanced,HighSpeed,91.1806037735849,13.131182876918368,84.42,0.35237735849056606,1
2022,Monza,55,Cautious,HighSpeed,91.1806037735849,13.215089052553092,84.45466666666665,0.35237735849056606,1
2022,Monza,63,Aggressive,HighSpeed,91.14935849056603,13.82624258762658,85.288,0.42995283018867914,1
2022,Monza,63,Balanced,HighSpeed,91.14935849056604,13.87006597037813,85.31400000000001,0.42995283018867914,1
2022,Monza,63,Cautious,HighSpeed,91.14935849056604,13.87006597037813,85.31400000000001,0.42995283018867914,1
2022,Monza,77,Aggressive,HighSpeed,92.84476923076923,12.949379536149609,85.706,0.6285384615384613,0
2022,Monza,77,Balanced,HighSpeed,92.84476923076923,13.050548101502207,85.95733333333334,0.6285384615384614,0
2022,Monza,77,Cautious,HighSpeed,92.84476923076923,12.987041407832377,85.82466666666666,0.6285384615384614,0
2022,Singapore,1,Balanced,Street,125.40784745762711,16.455399855531866,109.142,4.977271186440678,1
2022,Singapore,3,Balanced,Street,125.31389830508475,15.100610353063683,111.00600000000001,5.039466101694916,1
2022,Singapore,3,Cautious,Street,125.31389830508473,15.083479762917142,111.00600000000001,5.039466101694915,1
2022,Singapore,4,Balanced,Street,124.769,17.452182038135415,109.212,4.946728813559322,1
2022,Singapore,4,Cautious,Street,124.769,17.49296502623529,109.212,4.946728813559322,1
2022,Singapore,5,Balanced,Street,125.42830508474576,14.608107918337597,110.669,5.14421186440678,1
2022,Singapore,6,Balanced,Street,139.08485714285712,23.53328903117881,125.585,5.491785714285713,0
2022,Singapore,10,Balanced,Street,125.59006779661017,14.617143404230111,110.569,5.110381355932203,1
2022,Singapore,10,Cautious,Street,125.59006779661017,14.672564051951266,110.622,5.110381355932203,1
2022,Singapore,11,Balanced,Street,124.32606779661018,19.66060989672591,108.165,4.204728813559322,1
2022,Singapore,14,Balanced,Street,127.67815,13.32771083896226,120.46300000000001,5.17955,0
2022,Singapore,16,Balanced,Street,124.45479661016948,18.891969431969503,108.753,4.371313559322034,1
2022,Singapore,18,Balanced,Street,125.3655593220339,15.03846282313311,110.283,4.996296610169492,1
2022,Singapore,20,Balanced,Street,125.98047457627118,14.556828995303421,112.067,4.903720338983051,0
2022,Singapore,22,Balanced,Street,130.38002941176472,13.013257363585787,118.716,5.242088235294118,0
2022,Singapore,22,Cautious,Street,130.3800294117647,13.065495444756323,118.716,5.242088235294118,0
2022,Singapore,23,Balanced,Street,131.79728,13.130489707596215,122.121,5.736800000000001,0
2022,Singapore,24,Balanced,Street,129.93333333333334,6.564491694812913,125.556,4.988916666666667,0
2022,Singapore,31,Balanced,Street,129.88276923076924,11.392700715980821,121.105,4.9653846153846155,0
2022,Singapore,44,Balanced,Street,125.4534406779661,16.043824064990552,110.622,4.994703389830509,1
2022,Singapore,47,Balanced,Street,127.89272413793104,15.734651165320384,110.29,4.816336206896552,0
2022,Singapore,55,Balanced,Street,124.5854745762712,17.9764056761566,108.414,4.537322033898304,1
2022,Singapore,63,Balanced,Street,128.71443859649122,16.69629999570004,106.45800000000001,4.649,0
2022,Singapore,77,Balanced,Street,125.91664406779661,13.234845288717796,111.86399999999999,5.042194915254238,0
2023,Baku,1,Aggressive,HighSpeed,109.10927450980392,13.004276327290505,104.23200000000001,-6.1053235294117645,1
2023,Baku,1,Balanced,HighSpeed,109.10927450980392,13.014948693737823,104.23200000000001,-6.1053235294117645,1
2023,Baku,1,Cautious,HighSpeed,109.10927450980392,13.112197483379259,104.42,-6.1053235294117645,1
2023,Baku,2,Aggressive,HighSpeed,111.04664705882352,9.122385248528214,106.50100000000002,-6.4882156862745095,0
2023,Baku,2,Balanced,HighSpeed,111.04664705882352,9.122385248528214,106.50100000000002,-6.4882156862745095,0
2023,Baku,4,Aggressive,HighSpeed,110.64337254901962,10.121220968981568,105.738,-6.373401960784315,1
2023,Baku,4,Balanced,HighSpeed,110.6433725490196,10.20760564473528,105.976,-6.373401960784314,1
2023,Baku,4,Cautious,HighSpeed,110.6433725490196,10.131899242711812,105.738,-6.373401960784314,1
2023,Baku,10,Aggressive,HighSpeed,110.85819607843138,9.565463302986647,105.55933333333333,-6.360196078431373,0
2023,Baku,10,Cautious,HighSpeed,110.85819607843138,9.565463302986647,105.55933333333333,-6.360196078431373,0
2023,Baku,11,Aggressive,HighSpeed,109.0673725490196,13.602321450028976,104.589,-6.068196078431373,1
2023,Baku,11,Balanced,HighSpeed,109.0673725490196,13.650335441366018,104.59633333333333,-6.068196078431373,1
2023,Baku,11,Cautious,HighSpeed,109.06737254901961,13.627865738163091,104.589,-6.068196078431372,1
2023,Baku,14,Aggressive,HighSpeed,109.49921568627451,12.548306786041222,104.241,-6.221019607843139,1
2023,Baku,14,Balanced,HighSpeed,109.49921568627451,12.557566391374117,104.241,-6.221019607843138,1
2023,Baku,14,Cautious,HighSpeed,109.49921568627451,12.657628263325993,104.31766666666665,-6.221019607843139,1
2023,Baku,16,Aggressive,HighSpeed,109.48339215686275,13.135389875769844,104.56099999999999,-6.204539215686275,1
2023,Baku,16,Balanced,HighSpeed,109.48339215686273,13.138465719360964,104.56099999999999,-6.204539215686275,1
2023,Baku,18,Aggressive,HighSpeed,110.0794705882353,12.224427673345128,105.627,-6.376764705882353,1
2023,Baku,18,Balanced,HighSpeed,110.0794705882353,12.231301122116145,105.627,-6.376764705882353,1
2023,Baku,18,Cautious,HighSpeed,110.0794705882353,12.26757792284956,105.65633333333334,-6.376764705882352,1
2023,Baku,20,Aggressive,HighSpeed,110.82676470588235,11.34046950254477,105.93400000000001,-6.558098039215686,0
2023,Baku,20,Balanced,HighSpeed,110.82676470588235,11.397030798568965,106.17166666666667,-6.558098039215686,0
2023,Baku,20,Cautious,HighSpeed,110.82676470588235,11.397030798568965,106.17166666666667,-6.558098039215686,0
2023,Baku,21,Aggressive,HighSpeed,110.62700000000001,3.9385093944283063,108.949,-6.9208333333333325,0
2023,Baku,22,Aggressive,HighSpeed,110.71172549019607,9.547734617562824,105.72700000000002,-6.3779803921568625,1
2023,Baku,22,Balanced,HighSpeed,110.71172549019607,9.567343869309935,105.72700000000002,-6.3779803921568625,1
2023,Baku,22,Cautious,HighSpeed,110.71172549019607,9.55948568000105,105.72700000000002,-6.3779803921568625,1
2023,Baku,23,Aggressive,HighSpeed,110.80507843137255,9.238977324378807,105.925,-6.55,0
2023,Baku,23,Balanced,HighSpeed,110.80507843137255,9.242007987843735,105.925,-6.55,0
2023,Baku,23,Cautious,HighSpeed,110.80507843137255,9.315650650047244,106.18599999999999,-6.55,0
2023,Baku,24,Aggressive,HighSpeed,112.84461111111112,12.3824550181803,107.553,-6.761680555555556,0
2023,Baku,24,Balanced,HighSpeed,112.84461111111112,12.3824550181803,107.553,-6.761680555555556,0
2023,Baku,27,Aggressive,HighSpeed,111.44745999999999,10.50576251389646,106.731,-6.54249,0
2023,Baku,27,Balanced,HighSpeed,111.44745999999999,10.514572379187912,106.731,-6.54249,0
2023,Baku,31,Aggressive,HighSpeed,110.9849019607843,10.402714164599395,105.908,-6.39535294117647,0
2023,Baku,31,Balanced,HighSpeed,110.9849019607843,10.489045223002716,106.283,-6.395352941176471,0
2023,Baku,31,Cautious,HighSpeed,110.98490196078431,10.406126568878342,105.908,-6.395352941176471,0
2023,Baku,44,Aggressive,HighSpeed,109.97217647058824,10.694409072595903,105.346,-6.345205882352942,1
2023,Baku,44,Balanced,HighSpeed,109.97217647058822,10.700251416147013,105.346,-6.345205882352941,1
2023,Baku,55,Aggressive,HighSpeed,109.95935294117648,12.638129515047986,105.175,-6.295529411764706,1
2023,Baku,55,Balanced,HighSpeed,109.95935294117646,12.635911326436787,105.175,-6.295529411764706,1
2023,Baku,63,Aggressive,HighSpeed,110.5230588235294,12.168809662673041,103.37,-6.311098039215686,1
2023,Baku,63,Balanced,HighSpeed,110.52305882352942,12.178796377248975,103.37,-6.311098039215686,1
2023,Baku,63,Cautious,HighSpeed,110.52305882352942,12.269797366561134,104.92200000000001,-6.311098039215686,1
2023,Baku,77,Aggressive,HighSpeed,111.63068,9.116793602077227,106.30400000000002,-6.1502,0
2023,Baku,77,Balanced,HighSpeed,111.63068000000001,9.119844227426817,106.30400000000002,-6.1502,0
2023,Baku,77,Cautious,HighSpeed,111.63068,9.193990522740647,106.51733333333334,-6.1502,0
2023,Baku,81,Aggressive,HighSpeed,110.7634705882353,9.33725857235723,105.63100000000001,-6.379049019607843,0
2023,Baku,81,Balanced,HighSpeed,110.7634705882353,9.345424082070215,105.63100000000001,-6.3790490196078435,0
2023,Baku,81,Cautious,HighSpeed,110.7634705882353,9.419890789925201,106.05799999999999,-6.3790490196078435,0
2023,Barcelona,1,Aggressive,Technical,79.96878787878788,3.4346514059343134,76.33,0.19311363636363627,1
2023,Barcelona,1,Balanced,Technical,79.96878787878788,3.4572232900680984,76.93966666666667,0.19311363636363627,1
2023,Barcelona,1,Cautious,Technical,79.96878787878788,3.437448733455916,76.33,0.19311363636363627,1
2023,Barcelona,2,Aggressive,Technical,81.9941076923077,4.105025270194153,79.27066666666667,0.3039615384615384,0
2023,Barcelona,2,Cautious,Technical,81.9941076923077,4.105025270194153,79.27066666666667,0.3039615384615384,0
2023,Barcelona,4,Aggressive,Technical,81.66661538461538,5.7077620207631306,77.182,0.39397692307692306,0
2023,Barcelona,4,Cautious,Technical,81.66661538461538,5.708809989563052,77.182,0.3939769230769231,0
2023,Barcelona,10,Aggressive,Technical,81.08287878787878,3.9516941514246358,78.375,0.3132954545454546,1
2023,Barcelona,10,Balanced,Technical,81.0828787878788,3.9776639433994525,78.53666666666668,0.3132954545454546,1
2023,Barcelona,10,Cautious,Technical,81.0828787878788,3.9549125807498466,78.375,0.3132954545454546,1
2023,Barcelona,11,Aggressive,Technical,80.51139393939394,3.5430145574595695,76.666,0.2023560606060607,1
2023,Barcelona,11,Cautious,Technical,80.51139393939394,3.542117478180094,76.666,0.2023560606060607,1
2023,Barcelona,14,Aggressive,Technical,80.94040909090909,3.555778041131169,78.083,0.24099999999999994,1
2023,Barcelona,14,Cautious,Technical,80.94040909090909,3.558030672361952,78.083,0.24099999999999994,1
2023,Barcelona,16,Aggressive,Technical,81.09634848484848,4.0436258111102275,78.357,0.34240909090909105,0
2023,Barcelona,16,Balanced,Technical,81.09634848484849,4.048767104745709,78.39133333333332,0.34240909090909105,0
2023,Barcelona,16,Cautious,Technical,81.09634848484849,4.048767104745709,78.39133333333332,0.34240909090909105,0
2023,Barcelona,18,Aggressive,Technical,80.92818181818183,3.6412512431629556,78.722,0.19928030303030303,1
2023,Barcelona,18,Balanced,Technical,80.92818181818183,3.6516597958188424,78.79233333333333,0.19928030303030303,1
2023,Barcelona,18,Cautious,Technical,80.92818181818183,3.644710865077004,78.722,0.19928030303030303,1
2023,Barcelona,20,Aggressive,Technical,81.78492307692308,4.530104690220927,78.069,0.3858615384615384,0
2023,Barcelona,20,Balanced,Technical,81.78492307692308,4.553637859954984,78.35033333333332,0.3858615384615384,0
2023,Barcelona,20,Cautious,Technical,81.78492307692308,4.553637859954984,78.35033333333332,0.3858615384615384,0
2023,Barcelona,21,Aggressive,Technical,81.28103076923077,3.772775599133313,78.594,0.22296153846153863,0
2023,Barcelona,21,Balanced,Technical,81.28103076923077,3.797258501081861,78.776,0.22296153846153863,0
2023,Barcelona,21,Cautious,Technical,81.28103076923077,3.777634294770707,78.594,0.22296153846153863,0
2023,Barcelona,22,Aggressive,Technical,81.03569696969697,3.658751958595598,78.904,0.25087121212121205,0
2023,Barcelona,22,Cautious,Technical,81.03569696969697,3.662614254570841,78.904,0.25087121212121205,0
2023,Barcelona,23,Aggressive,Technical,81.62535384615384,3.9861204330000506,79.15166666666666,0.2357692307692307,0
2023,Barcelona,23,Balanced,Technical,81.62535384615384,4.001660922474765,79.19,0.2357692307692307,0
2023,Barcelona,23,Cautious,Technical,81.62535384615384,4.001660922474765,79.19,0.2357692307692307,0
2023,Barcelona,24,Aggressive,Technical,81.05784848484849,3.848827695211763,78.753,0.2574090909090909,1
2023,Barcelona,24,Balanced,Technical,81.05784848484849,3.848827695211763,78.753,0.2574090909090909,1
2023,Barcelona,27,Aggressive,Technical,81.46518461538462,4.4850562803702605,78.776,0.3131769230769231,0
2023,Barcelona,27,Balanced,Technical,81.46518461538462,4.497456238454784,78.79766666666666,0.313176923076923,0
2023,Barcelona,27,Cautious,Technical,81.46518461538462,4.497456238454784,78.79766666666666,0.313176923076923,0
2023,Barcelona,31,Aggressive,Technical,81.01790909090909,3.6337211310898714,78.946,0.24438636363636365,1
2023,Barcelona,31,Cautious,Technical,81.01790909090909,3.6352986094064454,78.946,0.24438636363636365,1
2023,Barcelona,44,Aggressive,Technical,80.33378787878787,3.6275520060279165,76.676,0.2041515151515151,1
2023,Barcelona,44,Balanced,Technical,80.33378787878787,3.651886599954569,77.25999999999999,0.2041515151515151,1
2023,Barcelona,44,Cautious,Technical,80.33378787878789,3.6296187911197557,76.676,0.20415151515151508,1
2023,Barcelona,55,Aggressive,Technical,80.66118181818182,3.5451820860527774,78.403,0.21060606060606063,1
2023,Barcelona,55,Balanced,Technical,80.66118181818182,3.554834110683101,78.41766666666668,0.21060606060606063,1
2023,Barcelona,55,Cautious,Technical,80.66118181818182,3.5467211276212884,78.403,0.21060606060606066,1
2023,Barcelona,63,Aggressive,Technical,80.4595303030303,3.503336590000603,77.875,0.20606060606060606,1
2023,Barcelona,63,Cautious,Technical,80.4595303030303,3.506665176585169,77.875,0.20606060606060606,1
2023,Barcelona,77,Aggressive,Technical,81.96743076923076,4.145716623050356,78.242,0.1730076923076924,0
2023,Barcelona,77,Balanced,Technical,81.96743076923076,4.151069390448345,78.45633333333335,0.1730076923076924,0
2023,Barcelona,77,Cautious,Technical,81.96743076923076,4.167252958219411,78.69433333333335,0.1730076923076924,0
2023,Barcelona,81,Aggressive,Technical,81.26484615384615,3.6902091876377288,78.679,0.216446153846154,0
2023,Barcelona,81,Balanced,Technical,81.26484615384615,3.714838220866632,78.788,0.216446153846154,0
2023,Barcelona,81,Cautious,Technical,81.26484615384615,3.6956399620074825,78.679,0.21644615384615404,0
2023,Hungaroring,1,Aggressive,Technical,84.12334285714286,3.374389806355401,80.504,-2.703107142857143,1
2023,Hungaroring,1,Balanced,Technical,84.12334285714286,3.3769805090835514,80.504,-2.7031071428571427,1
2023,Hungaroring,1,Cautious,Technical,84.12334285714286,3.3769805090835514,80.504,-2.7031071428571427,1
2023,Hungaroring,2,Aggressive,Technical,86.40632835820895,4.2488730366582885,83.496,-2.743559701492537,0
2023,Hungaroring,2,Balanced,Technical,86.40632835820895,4.270278074076817,83.80066666666666,-2.7435597014925373,0
2023,Hungaroring,2,Cautious,Technical,86.40632835820895,4.2541941070422205,83.62933333333332,-2.7435597014925373,0
2023,Hungaroring,3,Aggressive,Technical,85.86798550724637,3.6407162417162326,83.934,-2.8279710144927535,0
2023,Hungaroring,3,Cautious,Technical,85.86798550724637,3.6407162417162326,83.934,-2.8279710144927535,0
2023,Hungaroring,4,Aggressive,Technical,84.60521428571428,3.030525824676078,82.178,-2.60925,1
2023,Hungaroring,4,Cautious,Technical,84.60521428571428,3.0301385617744065,82.178,-2.6092500000000003,1
2023,Hungaroring,10,Aggressive,Technical,124.981,0.0,124.981,0.6439999999999948,0
2023,Hungaroring,10,Balanced,Technical,124.981,0.0,124.981,0.6439999999999948,0
2023,Hungaroring,10,Cautious,Technical,124.981,0.0,124.981,0.6439999999999948,0
2023,Hungaroring,11,Aggressive,Technical,84.66052857142857,3.3289101064010094,82.295,-2.8115857142857146,1
2023,Hungaroring,11,Balanced,Technical,84.66052857142857,3.3338838281443626,82.295,-2.811585714285714,1
2023,Hungaroring,11,Cautious,Technical,84.66052857142857,3.329903069914924,82.295,-2.811585714285714,1
2023,Hungaroring,14,Aggressive,Technical,85.2049,3.5978765749918757,82.745,-2.7692785714285715,1
2023,Hungaroring,14,Cautious,Technical,85.2049,3.5974168118343064,82.745,-2.769278571428571,1
2023,Hungaroring,16,Aggressive,Technical,85.05644285714286,3.659308238877462,82.469,-2.6444357142857142,1
2023,Hungaroring,16,Balanced,Technical,85.05644285714286,3.6608058072802105,82.469,-2.6444357142857142,1
2023,Hungaroring,16,Cautious,Technical,85.05644285714286,3.6643072961794467,82.469,-2.6444357142857142,1
2023,Hungaroring,18,Aggressive,Technical,85.55433333333333,3.5734214654265606,83.425,-2.812340579710145,1
2023,Hungaroring,18,Balanced,Technical,85.55433333333333,3.57620486566584,83.425,-2.812340579710145,1
2023,Hungaroring,18,Cautious,Technical,85.55433333333333,3.578374234907322,83.425,-2.812340579710145,1
2023,Hungaroring,20,Aggressive,Technical,86.53601449275364,3.462295899810869,83.864,-2.8102536231884057,0
2023,Hungaroring,20,Balanced,Technical,86.53601449275362,3.479226543072782,83.93333333333332,-2.8102536231884057,0
2023,Hungaroring,20,Cautious,Technical,86.53601449275362,3.4665053796631677,83.89,-2.8102536231884057,0
2023,Hungaroring,22,Aggressive,Technical,86.08952173913043,3.718821033850193,83.269,-2.8820289855072465,0
2023,Hungaroring,22,Cautious,Technical,86.08952173913043,3.718821033850193,83.269,-2.8820289855072465,0
2023,Hungaroring,23,Aggressive,Technical,85.76407246376812,3.4531076435055055,84.051,-2.92663768115942,0
2023,Hungaroring,23,Cautious,Technical,85.76407246376812,3.4531076435055055,84.051,-2.92663768115942,0
2023,Hungaroring,24,Aggressive,Technical,86.21920289855072,4.196306801009058,83.743,-2.8384202898550726,0
2023,Hungaroring,24,Balanced,Technical,86.21920289855072,4.1968508926549,83.743,-2.838420289855072,0
2023,Hungaroring,27,Aggressive,Technical,86.08597101449274,3.362109106247394,83.573,-2.887840579710145,0
2023,Hungaroring,27,Balanced,Technical,86.08597101449276,3.3708623340424513,83.741,-2.887840579710145,0
2023,Hungaroring,27,Cautious,Technical,86.08597101449276,3.363505041165851,83.573,-2.887840579710145,0
2023,Hungaroring,31,Aggressive,Technical,104.07300000000001,3.0484356644023176,101.181,-0.028999999999999027,0
2023,Hungaroring,31,Balanced,Technical,104.07300000000001,3.0916780464429308,101.181,-0.028999999999999027,0
2023,Hungaroring,31,Cautious,Technical,104.07300000000001,3.339393956992802,103.109,-0.028999999999999027,0
2023,Hungaroring,44,Aggressive,Technical,84.6824,3.5151471690453837,81.601,-2.708814285714286,1
2023,Hungaroring,44,Balanced,Technical,84.6824,3.5235666952840687,81.724,-2.708814285714286,1
2023,Hungaroring,44,Cautious,Technical,84.6824,3.5151471690453837,81.601,-2.708814285714286,1
2023,Hungaroring,55,Aggressive,Technical,85.13867142857143,3.3534572192784617,82.584,-2.7817714285714286,1
2023,Hungaroring,55,Balanced,Technical,85.13867142857143,3.356664735286029,82.584,-2.7817714285714286,1
2023,Hungaroring,55,Cautious,Technical,85.13867142857143,3.356664735286029,82.584,-2.7817714285714286,1
2023,Hungaroring,63,Aggressive,Technical,85.0637,3.515921236890711,82.158,-2.8098214285714285,1
2023,Hungaroring,63,Cautious,Technical,85.0637,3.513820297810449,82.158,-2.8098214285714285,1
2023,Hungaroring,77,Aggressive,Technical,85.77844927536232,3.5597851931520226,83.651,-2.882543478260869,0
2023,Hungaroring,77,Balanced,Technical,85.77844927536232,3.5690530692715785,83.692,-2.8825434782608697,0
2023,Hungaroring,77,Cautious,Technical,85.77844927536232,3.5625579718612563,83.651,-2.8825434782608697,0
2023,Hungaroring,81,Aggressive,Technical,85.01722857142856,3.1110363950314595,82.736,-2.6880928571428573,1
2023,Hungaroring,81,Cautious,Technical,85.01722857142857,3.110108696667296,82.736,-2.688092857142857,1
2023,Monaco,1,Balanced,Street,83.74333333333333,10.245358596668614,76.604,-0.006326923076923112,1
2023,Monaco,1,Cautious,Street,83.74333333333333,10.245856705845387,76.604,-0.006326923076923112,1
2023,Monaco,2,Balanced,Street,86.90740789473685,10.762577258895398,77.302,0.0028421052631580025,0
2023,Monaco,4,Balanced,Street,84.88364935064935,9.707471606054716,77.844,0.09062337662337665,1
2023,Monaco,4,Cautious,Street,84.88364935064935,9.707471606054716,77.844,0.09062337662337665,1
2023,Monaco,10,Balanced,Street,84.54284615384616,9.863370597715447,75.831,0.17851282051282055,1
2023,Monaco,10,Cautious,Street,84.54284615384614,9.869055303978335,75.831,0.17851282051282052,1
2023,Monaco,11,Balanced,Street,86.59215789473684,12.093270358953239,76.33633333333334,0.39011184210526323,0
2023,Monaco,11,Cautious,Street,86.59215789473684,12.05315989900835,76.29700000000001,0.39011184210526323,0
2023,Monaco,14,Balanced,Street,84.10129487179488,10.318696785604324,76.674,0.23308333333333345,1
2023,Monaco,14,Cautious,Street,84.10129487179488,10.32464391692833,76.674,0.23308333333333345,1
2023,Monaco,16,Balanced,Street,84.53679487179487,10.163980668862386,75.773,0.17769871794871783,1
2023,Monaco,16,Cautious,Street,84.53679487179487,10.182140377229354,75.773,0.17769871794871786,1
2023,Monaco,18,Balanced,Street,80.7824716981132,5.193681634861641,77.769,0.2728584905660377,0
2023,Monaco,18,Cautious,Street,80.78247169811321,5.239848601760919,77.915,0.2728584905660377,0
2023,Monaco,20,Balanced,Street,87.95427142857143,17.997233753170125,78.351,0.008678571428571504,0
2023,Monaco,20,Cautious,Street,87.95427142857143,18.105586530706773,78.363,0.008678571428571504,0
2023,Monaco,21,Balanced,Street,85.57528571428571,9.83433454147877,77.561,0.008058441558441602,0
2023,Monaco,21,Cautious,Street,85.57528571428571,9.89423031614243,77.58266666666667,0.008058441558441602,0
2023,Monaco,22,Balanced,Street,86.04638157894736,11.880908581465329,77.68,0.13555921052631575,0
2023,Monaco,22,Cautious,Street,86.04638157894736,11.879102835033196,77.68,0.13555921052631575,0
2023,Monaco,23,Balanced,Street,85.85961038961038,9.808413115809733,76.672,0.04473376623376617,0
2023,Monaco,23,Cautious,Street,85.8596103896104,9.834603851661084,76.71233333333333,0.04473376623376616,0
2023,Monaco,24,Balanced,Street,85.76405194805196,10.165039022931644,76.926,0.2600259740259741,0
2023,Monaco,27,Balanced,Street,86.58534210526315,12.051456155723967,76.991,0.27406578947368404,0
2023,Monaco,27,Cautious,Street,86.58534210526315,12.071392407822964,77.009,0.27406578947368404,0
2023,Monaco,31,Balanced,Street,84.2175641025641,9.546926898311865,76.528,0.07109615384615385,1
2023,Monaco,31,Cautious,Street,84.2175641025641,9.550968495994546,76.528,0.07109615384615385,1
2023,Monaco,44,Balanced,Street,84.24412820512822,9.551904096788268,75.65,0.0758653846153848,1
2023,Monaco,44,Cautious,Street,84.2441282051282,9.569711539719986,75.65,0.0758653846153848,1
2023,Monaco,55,Balanced,Street,84.55603846153846,10.722185544247827,76.449,0.18567307692307689,1
2023,Monaco,55,Cautious,Street,84.55603846153846,10.732134399896317,76.449,0.1856730769230769,1
2023,Monaco,63,Balanced,Street,84.40082051282052,9.882373172620634,76.798,0.08673717948717942,1
2023,Monaco,63,Cautious,Street,84.40082051282052,9.88519227784778,76.798,0.08673717948717942,1
2023,Monaco,77,Balanced,Street,85.20705194805196,8.686847347939114,77.824,-0.08071428571428585,0
2023,Monaco,81,Balanced,Street,85.01219480519481,10.0212915194263,77.513,0.11549350649350645,1
2023,Monaco,81,Cautious,Street,85.0121948051948,10.02467766296589,77.513,0.11549350649350645,1
2023,Monza,1,Aggressive,HighSpeed,86.68907843137255,2.8458000906591345,85.24,0.2135392156862745,1
2023,Monza,1,Balanced,HighSpeed,86.68907843137255,2.8563466373322948,85.29266666666666,0.2135392156862745,1
2023,Monza,1,Cautious,HighSpeed,86.68907843137255,2.847900054115972,85.24,0.21353921568627451,1
2023,Monza,2,Aggressive,HighSpeed,88.12498000000001,3.064021970277472,86.83999999999999,0.44764000000000004,0
2023,Monza,2,Balanced,HighSpeed,88.12498,3.091688644262426,86.91533333333332,0.4476400000000001,0
2023,Monza,2,Cautious,HighSpeed,88.12498,3.091688644262426,86.91533333333332,0.4476400000000001,0
2023,Monza,4,Aggressive,HighSpeed,87.58023529411764,2.827580795605204,86.144,0.22522549019607851,1
2023,Monza,4,Cautious,HighSpeed,87.58023529411764,2.832219979685455,86.144,0.22522549019607851,1
2023,Monza,10,Aggressive,HighSpeed,88.29672000000001,4.4609154931228945,85.758,0.57916,0
2023,Monza,10,Cautious,HighSpeed,88.29672000000001,4.494925506363269,85.94099999999999,0.57916,0
2023,Monza,11,Aggressive,HighSpeed,86.80798039215686,2.771805389215888,85.522,0.12056862745098049,1
2023,Monza,11,Balanced,HighSpeed,86.80798039215686,2.7968901121795686,85.55666666666667,0.12056862745098047,1
2023,Monza,11,Cautious,HighSpeed,86.80798039215686,2.7830096785492606,85.536,0.12056862745098047,1
2023,Monza,14,Aggressive,HighSpeed,87.59680392156864,3.043712332796244,86.105,0.36502941176470566,1
2023,Monza,14,Balanced,HighSpeed,87.59680392156862,3.054456144293156,86.12166666666667,0.3650294117647057,1
2023,Monza,14,Cautious,HighSpeed,87.59680392156862,3.0494282295357884,86.105,0.3650294117647057,1
2023,Monza,16,Aggressive,HighSpeed,86.91215686274509,2.834253408122483,85.58,0.2512254901960783,1
2023,Monza,16,Balanced,HighSpeed,86.91215686274509,2.840462075821391,85.58,0.2512254901960783,1
2023,Monza,16,Cautious,HighSpeed,86.91215686274509,2.840462075821391,85.58,0.2512254901960783,1
2023,Monza,18,Aggressive,HighSpeed,88.35496,3.408494137819541,86.617,0.5842499999999999,0
2023,Monza,18,Balanced,HighSpeed,88.35495999999999,3.4188073055267707,86.63633333333333,0.5842499999999999,0
2023,Monza,20,Aggressive,HighSpeed,88.67533999999999,4.346540874614984,86.278,0.5284200000000001,0
2023,Monza,20,Cautious,HighSpeed,88.67533999999999,4.381879186898174,86.302,0.5284200000000001,0
2023,Monza,23,Aggressive,HighSpeed,87.57350980392157,2.9998199315339797,86.389,0.3265882352941177,1
2023,Monza,23,Cautious,HighSpeed,87.57350980392157,3.0024432988316008,86.389,0.32658823529411773,1
2023,Monza,24,Aggressive,HighSpeed,88.27812,4.263917489978232,85.983,0.6000199999999999,0
2023,Monza,24,Balanced,HighSpeed,88.27812,4.263917489978232,85.983,0.6000199999999999,0
2023,Monza,27,Aggressive,HighSpeed,88.46472,4.252840041302217,85.894,0.48045,0
2023,Monza,27,Cautious,HighSpeed,88.46472,4.2921099422935,85.99233333333332,0.48045000000000004,0
2023,Monza,31,Aggressive,HighSpeed,89.10197435897435,4.481637992662645,86.96300000000001,0.22271794871794853,0
2023,Monza,31,Cautious,HighSpeed,89.10197435897436,4.528567418924697,87.053,0.22271794871794853,0
2023,Monza,40,Aggressive,HighSpeed,88.09858,4.139910391594812,85.842,0.5874100000000001,0
2023,Monza,40,Balanced,HighSpeed,88.09858,4.146850732412822,85.842,0.5874100000000001,0
2023,Monza,40,Cautious,HighSpeed,88.09858,4.174965296641787,85.986,0.5874100000000001,0
2023,Monza,44,Aggressive,HighSpeed,87.42788235294118,2.924110786215022,85.582,0.29602941176470565,1
2023,Monza,44,Balanced,HighSpeed,87.42788235294118,2.9499883772453006,85.76166666666666,0.2960294117647056,1
2023,Monza,44,Cautious,HighSpeed,87.42788235294118,2.9281092986616284,85.582,0.2960294117647056,1
2023,Monza,55,Aggressive,HighSpeed,86.90854901960785,2.9719583811148964,85.50100000000002,0.21244117647058847,1
2023,Monza,55,Balanced,HighSpeed,86.90854901960785,2.977539528530705,85.50100000000002,0.21244117647058844,1
2023,Monza,55,Cautious,HighSpeed,86.90854901960785,2.9736294289731773,85.50100000000002,0.21244117647058847,1
2023,Monza,63,Aggressive,HighSpeed,87.04256862745098,2.74659767561202,85.847,0.2314411764705883,1
2023,Monza,63,Cautious,HighSpeed,87.04256862745098,2.7489995979561557,85.847,0.2314411764705883,1
2023,Monza,77,Aggressive,HighSpeed,87.9625,3.02613099551308,85.988,0.42182999999999987,1
2023,Monza,77,Balanced,HighSpeed,87.9625,3.0530304667022623,86.22500000000001,0.42182999999999987,1
2023,Monza,77,Cautious,HighSpeed,87.9625,3.0530304667022623,86.22500000000001,0.42182999999999987,1
2023,Monza,81,Aggressive,HighSpeed,88.06116,4.81309541036312,85.072,0.5271799999999999,0
2023,Monza,81,Balanced,HighSpeed,88.06116,4.832503131876482,85.24566666666668,0.5271799999999998,0
2023,Monza,81,Cautious,HighSpeed,88.06116,4.817925411990312,85.072,0.5271799999999999,0
2023,Singapore,1,Aggressive,Street,103.52998387096775,12.502171113140664,96.575,-0.5176693548387096,1
2023,Singapore,1,Balanced,Street,103.52998387096775,12.51061567412589,96.575,-0.5176693548387096,1
2023,Singapore,1,Cautious,Street,103.52998387096775,12.51061567412589,96.575,-0.5176693548387096,1
2023,Singapore,2,Aggressive,Street,103.17075409836066,10.742003635706412,98.531,-0.5075081967213116,0
2023,Singapore,2,Balanced,Street,103.17075409836066,10.742003635706412,98.531,-0.5075081967213116,0
2023,Singapore,2,Cautious,Street,103.17075409836066,10.801516576629007,98.58,-0.5075081967213115,0
2023,Singapore,4,Aggressive,Street,103.19725806451612,13.21265966675943,98.046,-0.6887983870967741,1
2023,Singapore,4,Cautious,Street,103.19725806451613,13.210116569889225,98.046,-0.6887983870967741,1
2023,Singapore,10,Aggressive,Street,103.80417741935484,11.604988219017573,98.277,-0.5594516129032259,1
2023,Singapore,10,Balanced,Street,103.80417741935484,11.676112408160787,98.45,-0.5594516129032259,1
2023,Singapore,10,Cautious,Street,103.80417741935484,11.612826780005214,98.277,-0.5594516129032259,1
2023,Singapore,11,Aggressive,Street,104.06374193548388,11.633391521848232,97.108,-0.38064516129032255,1
2023,Singapore,11,Balanced,Street,104.06374193548388,11.696789220271455,97.46499999999999,-0.3806451612903226,1
2023,Singapore,11,Cautious,Street,104.06374193548386,11.620835240238108,97.108,-0.38064516129032255,1
2023,Singapore,14,Aggressive,Street,104.5971129032258,13.873513900768343,96.456,-0.3106935483870967,0
2023,Singapore,14,Balanced,Street,104.59711290322579,13.882884731894727,96.456,-0.3106935483870967,0
2023,Singapore,14,Cautious,Street,104.59711290322579,13.882884731894727,96.456,-0.3106935483870967,0
2023,Singapore,16,Aggressive,Street,103.52572580645162,13.438931591593779,98.27500000000002,-0.7941048387096774,1
2023,Singapore,16,Balanced,Street,103.52572580645162,13.438931591593779,98.27500000000002,-0.7941048387096774,1
2023,Singapore,16,Cautious,Street,103.52572580645162,13.475302244276868,98.31766666666668,-0.7941048387096774,1
2023,Singapore,20,Aggressive,Street,104.34732258064516,13.094371075870985,98.10700000000001,-0.5701370967741936,1
2023,Singapore,20,Balanced,Street,104.34732258064516,13.105726219854107,98.10700000000001,-0.5701370967741936,1
2023,Singapore,20,Cautious,Street,104.34732258064516,13.114578450664073,98.10700000000001,-0.5701370967741934,1
2023,Singapore,23,Aggressive,Street,104.36830645161291,12.857784326050984,97.44666666666667,-0.6374516129032257,0
2023,Singapore,23,Balanced,Street,104.36830645161291,12.840397185810245,97.342,-0.6374516129032257,0
2023,Singapore,23,Cautious,Street,104.36830645161291,12.840397185810245,97.342,-0.6374516129032257,0
2023,Singapore,24,Aggressive,Street,104.53333870967742,10.144984899662754,99.31599999999999,-0.6721048387096775,0
2023,Singapore,24,Balanced,Street,104.53333870967742,10.13813711967247,99.31599999999999,-0.6721048387096775,0
2023,Singapore,27,Aggressive,Street,104.5745,11.746890586807623,99.923,-0.4589112903225809,0
2023,Singapore,27,Balanced,Street,104.5745,11.765018515164451,99.923,-0.4589112903225809,0
2023,Singapore,27,Cautious,Street,104.5745,11.757077226027954,99.923,-0.4589112903225809,0
2023,Singapore,31,Aggressive,Street,104.40804761904761,13.545612435975874,99.93,-0.5690000000000003,0
2023,Singapore,31,Balanced,Street,104.40804761904762,13.567268105175572,99.93,-0.5690000000000003,0
2023,Singapore,31,Cautious,Street,104.40804761904762,13.567268105175572,99.93,-0.5690000000000003,0
2023,Singapore,40,Aggressive,Street,104.24735483870967,11.554967234912247,99.028,-0.5983145161290322,1
2023,Singapore,40,Balanced,Street,104.24735483870968,11.560308102881715,99.028,-0.5983145161290322,1
2023,Singapore,40,Cautious,Street,104.24735483870968,11.588469674703434,99.06266666666666,-0.5983145161290322,1
2023,Singapore,44,Aggressive,Street,103.20462903225807,13.99126852673952,95.867,-0.6459596774193551,1
2023,Singapore,44,Balanced,Street,103.20462903225807,13.99126852673952,95.867,-0.6459596774193551,1
2023,Singapore,44,Cautious,Street,103.20462903225807,14.077017655499397,96.06966666666666,-0.6459596774193551,1
2023,Singapore,55,Aggressive,Street,103.18416129032258,13.982649135526161,97.666,-0.7544112903225807,1
2023,Singapore,55,Balanced,Street,103.18416129032258,13.982649135526161,97.666,-0.7544112903225807,1
2023,Singapore,55,Cautious,Street,103.18416129032258,14.077835048248371,97.873,-0.7544112903225806,1
2023,Singapore,63,Aggressive,Street,103.26118032786886,14.039301533538332,96.27299999999998,-0.5559999999999999,0
2023,Singapore,63,Balanced,Street,103.26118032786884,14.13258695534095,96.42033333333335,-0.5559999999999999,0
2023,Singapore,63,Cautious,Street,103.26118032786884,14.045077835586287,96.27299999999998,-0.5559999999999999,0
2023,Singapore,77,Aggressive,Street,105.51596078431372,11.808609828873049,98.075,-0.5490784313725491,0
2023,Singapore,77,Balanced,Street,105.51596078431373,11.887073215826986,98.18633333333332,-0.5490784313725491,0
2023,Singapore,77,Cautious,Street,105.51596078431372,11.808609828873049,98.075,-0.5490784313725491,0
2023,Singapore,81,Aggressive,Street,103.85317741935484,11.321693522268165,98.54366666666668,-0.536758064516129,1
2023,Singapore,81,Balanced,Street,103.85317741935484,11.321693522268165,98.54366666666668,-0.536758064516129,1
2023,Singapore,81,Cautious,Street,103.85317741935484,11.306383584875954,98.492,-0.536758064516129,1
